Month;Inflation_mean;Inflation_std;Inflation_p05;Inflation_p95;Unemployment_mean;Unemployment_std;Unemployment_p05;Unemployment_p95;TotalAdoption_mean;TotalAdoption_std;TotalAdoption_p05;TotalAdoption_p95;ExRate_mean;ExRate_std;ExRate_p05;ExRate_p95;MarketWage_mean;MarketWage_std;MarketWage_p05;MarketWage_p95;GovDebt_mean;GovDebt_std;GovDebt_p05;GovDebt_p95;NPL_mean;NPL_std;NPL_p05;NPL_p95;RefRate_mean;RefRate_std;RefRate_p05;RefRate_p95;PriceLevel_mean;PriceLevel_std;PriceLevel_p05;PriceLevel_p95;AutoRatio_mean;AutoRatio_std;AutoRatio_p05;AutoRatio_p95;HybridRatio_mean;HybridRatio_std;HybridRatio_p05;HybridRatio_p95;BPO_Auto_mean;BPO_Auto_std;BPO_Auto_p05;BPO_Auto_p95;Manuf_Auto_mean;Manuf_Auto_std;Manuf_Auto_p05;Manuf_Auto_p95;Retail_Auto_mean;Retail_Auto_std;Retail_Auto_p05;Retail_Auto_p95;Health_Auto_mean;Health_Auto_std;Health_Auto_p05;Health_Auto_p95
1;0,014396;0,000025;0,014350;0,014436;0,024110;0,000000;0,024110;0,024110;0,000427;0,000199;0,000100;0,000800;4,499441;0,000075;4,499332;4,499592;5850,464002;0,000000;5850,464002;5850,464002;-22514809,384023;686,039516;-22516099,950059;-22513699,950059;0,038141;0,110948;0,000000;0,402865;0,050500;0,000000;0,050500;0,050500;1,000110;0,000007;1,000097;1,000121;0,000124;0,000109;0,000000;0,000400;0,000303;0,000184;0,000100;0,000600;0,000843;0,000477;0,000333;0,001667;0,000237;0,000251;0,000000;0,000667;0,000404;0,000382;0,000000;0,001200;0,000013;0,000093;0,000000;0,000000
2;0,010686;0,000059;0,010583;0,010787;0,023335;0,000005;0,023330;0,023340;0,000899;0,000341;0,000300;0,001400;4,499066;0,000117;4,498883;4,499277;5867,204941;0,084365;5867,067619;5867,355462;-45224511,958921;7360,849276;-45237852,970365;-45213516,153838;0,042205;0,104369;0,000000;0,382721;0,047350;0,000000;0,047350;0,047350;1,000279;0,000018;1,000248;1,000310;0,000251;0,000161;0,000000;0,000500;0,000648;0,000292;0,000200;0,001200;0,001757;0,000779;0,000667;0,003001;0,000550;0,000409;0,000000;0,001333;0,000820;0,000555;0,000000;0,002000;0,000013;0,000093;0,000000;0,000000
3;0,008291;0,000109;0,008095;0,008494;0,022615;0,000008;0,022600;0,022630;0,001382;0,000525;0,000400;0,002300;4,498830;0,000162;4,498526;4,499165;5883,252897;0,170898;5882,993187;5883,549374;-68121411,840829;17759,400955;-68147936,846164;-68089601,437694;0,039226;0,082273;0,000000;0,363585;0,045145;0,000000;0,045145;0,045145;1,000504;0,000036;1,000441;1,000570;0,000348;0,000195;0,000000;0,000800;0,001034;0,000429;0,000300;0,001700;0,002677;0,001103;0,001000;0,004667;0,000847;0,000563;0,000000;0,001667;0,001292;0,000871;0,000000;0,003200;0,000013;0,000093;0,000000;0,000000
4;0,006808;0,000180;0,006516;0,007167;0,021944;0,000013;0,021920;0,021960;0,001879;0,000740;0,000400;0,003100;4,498723;0,000229;4,498288;4,499140;5898,646102;0,307212;5898,164233;5899,194895;-91196657,865503;33797,398180;-91247307,069724;-91136796,459770;0,036801;0,069665;0,000000;0,224010;0,043602;0,000002;0,043602;0,043606;1,000784;0,000064;1,000675;1,000910;0,000439;0,000256;0,000000;0,000900;0,001440;0,000594;0,000400;0,002500;0,003677;0,001415;0,001001;0,006000;0,001147;0,000771;0,000000;0,002667;0,001720;0,001170;0,000000;0,004000;0,000013;0,000093;0,000000;0,000000
5;0,005949;0,000269;0,005494;0,006494;0,021320;0,000021;0,021280;0,021360;0,002442;0,000958;0,000500;0,004100;4,498735;0,000298;4,498193;4,499218;5913,405020;0,524655;5912,609964;5914,457314;-114442569,361216;53569,417319;-114514938,355301;-114353675,295393;0,033477;0,063132;0,000000;0,178770;0,042524;0,000004;0,042521;0,042534;1,001113;0,000103;1,000953;1,001322;0,000516;0,000312;0,000000;0,001100;0,001926;0,000747;0,000500;0,003100;0,004791;0,001636;0,001334;0,007336;0,001503;0,001016;0,000000;0,003667;0,002208;0,001512;0,000000;0,005200;0,000013;0,000093;0,000000;0,000000
6;0,005509;0,000377;0,004858;0,006256;0,020738;0,000034;0,020670;0,020790;0,003092;0,001223;0,000800;0,005200;4,498869;0,000377;4,498256;4,499453;5927,542718;0,816218;5926,282347;5929,219808;-137853612,344575;76765,958711;-137959852,225369;-137733951,821424;0,029359;0,051049;0,000000;0,147242;0,041774;0,000008;0,041765;0,041789;1,001487;0,000153;1,001220;1,001792;0,000594;0,000377;0,000000;0,001300;0,002498;0,000950;0,000600;0,004000;0,006111;0,001903;0,002334;0,009333;0,001957;0,001271;0,000333;0,004333;0,002680;0,001930;0,000000;0,006400;0,000013;0,000093;0,000000;0,000000
7;0,005344;0,000497;0,004565;0,006338;0,020197;0,000048;0,020100;0,020280;0,003755;0,001462;0,001500;0,006101;4,499096;0,000441;4,498492;4,499822;5941,053156;1,203512;5939,018999;5943,542473;-161425113,965724;102824,698007;-161572094,332481;-161274185,542747;0,026170;0,043454;0,000000;0,123464;0,041254;0,000010;0,041241;0,041273;1,001900;0,000217;1,001520;1,002336;0,000683;0,000429;0,000100;0,001500;0,003071;0,001133;0,001300;0,004900;0,007435;0,002205;0,004001;0,010337;0,002437;0,001527;0,000333;0,005333;0,003164;0,002314;0,000000;0,007600;0,000013;0,000093;0,000000;0,000000
8;0,005355;0,000629;0,004364;0,006628;0,019692;0,000064;0,019560;0,019810;0,004501;0,001748;0,001800;0,007401;4,499423;0,000503;4,498731;4,500261;5953,953792;1,668212;5951,163105;5957,443229;-185151660,499571;130121,344320;-185344488,529043;-184968259,091843;0,023434;0,038994;0,000000;0,092050;0,040895;0,000011;0,040881;0,040915;1,002350;0,000293;1,001870;1,002947;0,000768;0,000480;0,000100;0,001600;0,003733;0,001378;0,001600;0,005901;0,008850;0,002540;0,005335;0,012671;0,003034;0,001870;0,000333;0,006335;0,003736;0,002657;0,000400;0,008800;0,000013;0,000093;0,000000;0,000000
9;0,005456;0,000771;0,004251;0,007053;0,019223;0,000084;0,019060;0,019370;0,005454;0,002034;0,002501;0,008503;4,499892;0,000576;4,499143;4,500782;5966,243120;2,227613;5962,589774;5970,983306;-209029196,078718;158282,704163;-209265433,406141;-208811546,925833;0,020058;0,027865;0,000000;0,050400;0,040652;0,000013;0,040633;0,040673;1,002825;0,000383;1,002241;1,003619;0,000903;0,000545;0,000100;0,001900;0,004551;0,001603;0,002100;0,006801;0,010638;0,002847;0,006669;0,014343;0,003847;0,002192;0,000667;0,007667;0,004429;0,003103;0,000400;0,010004;0,000013;0,000093;0,000000;0,000000
10;0,005604;0,000901;0,004314;0,007441;0,018790;0,000105;0,018610;0,018960;0,006412;0,002232;0,003001;0,009904;4,500437;0,000619;4,499536;4,501481;5977,853901;2,871014;5973,429150;5984,152907;-233054982,319822;186410,621030;-233356944,663822;-232795555,396391;0,017799;0,019247;0,000000;0,042942;0,040485;0,000013;0,040466;0,040508;1,003322;0,000481;1,002630;1,004345;0,001058;0,000598;0,000200;0,002101;0,005353;0,001760;0,002601;0,008102;0,012470;0,003114;0,008336;0,017006;0,004641;0,002424;0,001333;0,008672;0,005101;0,003440;0,000400;0,011200;0,000027;0,000131;0,000000;0,000000
11;0,005776;0,001014;0,004347;0,007839;0,018392;0,000129;0,018170;0,018590;0,007432;0,002406;0,003501;0,011101;4,501059;0,000643;4,500116;4,502162;5988,794353;3,582985;5983,543831;5996,604587;-257221487,865656;210284,539022;-257579766,613787;-256927245,582943;0,015892;0,013951;0,001316;0,038048;0,040373;0,000013;0,040353;0,040394;1,003839;0,000585;1,003017;1,005102;0,001232;0,000637;0,000300;0,002400;0,006200;0,001908;0,003101;0,009101;0,014415;0,003445;0,009336;0,019673;0,005494;0,002667;0,001667;0,010337;0,005825;0,003582;0,000800;0,012000;0,000027;0,000131;0,000000;0,000000
12;0,005953;0,001135;0,004367;0,008153;0,018025;0,000154;0,017770;0,018250;0,008602;0,002700;0,004401;0,012604;4,501786;0,000708;4,500773;4,502981;5999,070562;4,341487;5993,071646;6008,326750;-281525937,023780;232843,930173;-281933395,185891;-281214943,947747;0,015877;0,011159;0,003258;0,038922;0,040300;0,000014;0,040280;0,040327;1,004371;0,000700;1,003406;1,005849;0,001440;0,000724;0,000400;0,002701;0,007161;0,002133;0,003801;0,010503;0,016541;0,003872;0,010681;0,022667;0,006485;0,002967;0,002001;0,011333;0,006766;0,003936;0,001200;0,013600;0,000027;0,000131;0,000000;0,000000
13;0,006117;0,001267;0,004191;0,008513;0,017689;0,000179;0,017390;0,017940;0,009827;0,002917;0,005003;0,014207;4,502581;0,000743;4,501489;4,503740;6008,634452;5,194659;6001,637656;6019,300358;-305962560,204348;254286,425961;-306438619,751843;-305612955,567217;0,015049;0,009405;0,004136;0,035252;0,040252;0,000014;0,040227;0,040275;1,004915;0,000828;1,003763;1,006633;0,001684;0,000773;0,000500;0,003101;0,008143;0,002304;0,004201;0,011804;0,018678;0,004111;0,012004;0,025008;0,007532;0,003214;0,002667;0,013000;0,007846;0,004263;0,001600;0,014406;0,000027;0,000131;0,000000;0,000000
14;0,006251;0,001407;0,004037;0,008898;0,017385;0,000208;0,017040;0,017680;0,011118;0,003143;0,006101;0,015813;4,503456;0,000786;4,502265;4,504666;6017,487743;6,104888;6009,399622;6029,817280;-330528292,716811;274944,456833;-331058223,557692;-330123738,578805;0,014500;0,008107;0,004094;0,030613;0,040223;0,000015;0,040198;0,040246;1,005465;0,000969;1,004155;1,007455;0,001976;0,000841;0,000800;0,003401;0,009142;0,002471;0,005103;0,013010;0,021036;0,004331;0,013685;0,028343;0,008692;0,003510;0,003333;0,014667;0,008787;0,004511;0,001601;0,016013;0,000033;0,000145;0,000000;0,000667
15;0,006334;0,001559;0,003901;0,009312;0,017110;0,000238;0,016720;0,017450;0,012537;0,003410;0,006602;0,017414;4,504412;0,000825;4,503109;4,505635;6025,609431;7,080083;6015,903290;6039,802657;-355218819,279845;297075,350658;-355820504,667921;-354773861,980893;0,014321;0,007943;0,003821;0,028103;0,040207;0,000016;0,040178;0,040238;1,006012;0,001124;1,004470;1,008318;0,002324;0,000901;0,000800;0,004002;0,010213;0,002668;0,005602;0,014506;0,023719;0,004713;0,015354;0,031354;0,009889;0,003809;0,004001;0,016333;0,009811;0,004845;0,002000;0,017607;0,000033;0,000145;0,000000;0,000667
16;0,006351;0,001727;0,003652;0,009683;0,016865;0,000268;0,016420;0,017250;0,014031;0,003709;0,007303;0,019314;4,505445;0,000886;4,504108;4,506775;6032,956040;8,121828;6021,397013;6049,289979;-380031899,280370;322688,860002;-380684233,277408;-379555335,006794;0,014751;0,007701;0,005328;0,028033;0,040200;0,000017;0,040171;0,040236;1,006548;0,001295;1,004729;1,009204;0,002734;0,001016;0,001000;0,004501;0,011296;0,002877;0,006202;0,015908;0,026437;0,005051;0,017356;0,034034;0,011177;0,004043;0,004668;0,017673;0,010984;0,005252;0,002400;0,020408;0,000033;0,000145;0,000000;0,000667
17;0,006306;0,001907;0,003382;0,010020;0,016650;0,000301;0,016160;0,017110;0,015537;0,003951;0,008503;0,020910;4,506511;0,000921;4,505073;4,507809;6039,502567;9,237764;6025,987529;6058,102585;-404960295,938607;354167,251556;-405617927,742697;-404385712,118114;0,014701;0,006921;0,005150;0,027323;0,040197;0,000017;0,040173;0,040227;1,007068;0,001483;1,004915;1,010113;0,003152;0,001097;0,001301;0,005003;0,012385;0,003044;0,007203;0,017210;0,029312;0,005354;0,019680;0,037074;0,012417;0,004243;0,005667;0,019340;0,012069;0,005605;0,002802;0,021609;0,000040;0,000158;0,000000;0,000667
18;0,006178;0,002105;0,002988;0,010248;0,016464;0,000337;0,015920;0,016990;0,017162;0,004232;0,010107;0,023121;4,507659;0,000986;4,506036;4,509045;6045,256405;10,432507;6029,791133;6066,368260;-429997693,067321;386665,946766;-430742576,174232;-429328894,177952;0,014182;0,005958;0,007753;0,026870;0,040199;0,000018;0,040170;0,040226;1,007562;0,001691;1,005018;1,011046;0,003684;0,001249;0,001602;0,005904;0,013478;0,003201;0,008109;0,018417;0,032498;0,005759;0,022059;0,041416;0,013685;0,004574;0,006002;0,020667;0,013222;0,005968;0,004000;0,023209;0,000053;0,000181;0,000000;0,000667
19;0,005962;0,002313;0,002464;0,010235;0,016306;0,000374;0,015700;0,016920;0,018886;0,004454;0,011015;0,025415;4,508867;0,001025;4,507068;4,510432;6050,179039;11,721546;6032,497303;6074,099240;-455144409,656260;422375,619791;-455914400,256846;-454447678,324495;0,014291;0,006398;0,007430;0,025842;0,040204;0,000018;0,040173;0,040236;1,008021;0,001917;1,005112;1,011962;0,004259;0,001367;0,002201;0,006506;0,014626;0,003324;0,008810;0,019614;0,035975;0,006076;0,024700;0,047110;0,015049;0,004858;0,007333;0,022689;0,014316;0,006248;0,004400;0,024820;0,000053;0,000181;0,000000;0,000667
20;0,005654;0,002538;0,001985;0,010126;0,016178;0,000414;0,015500;0,016870;0,020652;0,004743;0,012107;0,027427;4,510124;0,001077;4,508163;4,511770;6054,222961;13,084996;6034,169511;6080,812334;-480392094,144318;460077,714567;-481238661,673167;-479636777,519055;0,014741;0,006032;0,006768;0,026906;0,040209;0,000019;0,040178;0,040239;1,008436;0,002165;1,005153;1,012860;0,004892;0,001501;0,002501;0,007307;0,015760;0,003455;0,009714;0,020819;0,039471;0,006590;0,027713;0,051136;0,016427;0,005118;0,008008;0,024358;0,015537;0,006526;0,004804;0,026421;0,000060;0,000213;0,000000;0,000667
21;0,005254;0,002774;0,001463;0,010323;0,016088;0,000482;0,015330;0,016830;0,022462;0,005005;0,013411;0,029736;4,511409;0,001112;4,509266;4,513105;6057,372725;14,550534;6034,871889;6086,378344;-505730580,590465;504072,796153;-506617898,312703;-504948290,045830;0,014859;0,005043;0,008169;0,023800;0,040215;0,000021;0,040184;0,040253;1,008800;0,002435;1,005057;1,013731;0,005556;0,001619;0,003104;0,008106;0,016907;0,003604;0,010512;0,021922;0,043104;0,007053;0,030080;0,056131;0,017858;0,005310;0,009006;0,026351;0,016699;0,006863;0,005602;0,028835;0,000080;0,000254;0,000000;0,000667
22;0,004754;0,003019;0,000648;0,010196;0,016052;0,000620;0,015180;0,016910;0,024435;0,005264;0,015014;0,031942;4,512746;0,001148;4,510576;4,514246;6059,628072;16,102573;6034,813133;6091,081897;-531149495,149295;552888,579044;-531937451,762390;-530205503,927126;0,015047;0,004943;0,009238;0,022676;0,040222;0,000023;0,040189;0,040253;1,009102;0,002726;1,004987;1,014552;0,006264;0,001730;0,003405;0,008906;0,018171;0,003770;0,011015;0,023226;0,047084;0,007518;0,034391;0,059138;0,019410;0,005525;0,009673;0,027342;0,017952;0,007201;0,006803;0,030461;0,000100;0,000273;0,000000;0,000667
23;0,004131;0,003299;-0,000354;0,009965;0,016202;0,000968;0,015050;0,018170;0,026420;0,005542;0,016627;0,034535;4,514092;0,001173;4,512086;4,515635;6060,939501;17,712622;6034,494495;6094,765784;-556618985,243360;615703,450408;-557490933,997305;-555389024,473571;0,015100;0,004699;0,009031;0,023250;0,040227;0,000022;0,040195;0,040263;1,009328;0,003046;1,004812;1,015328;0,007041;0,001854;0,004104;0,010113;0,019380;0,003934;0,012310;0,024727;0,051277;0,007967;0,037074;0,063545;0,020902;0,005811;0,011341;0,030020;0,019085;0,007504;0,006803;0,032064;0,000100;0,000273;0,000000;0,000667
24;0,003368;0,003631;-0,001582;0,009614;0,016687;0,001549;0,014940;0,019730;0,028427;0,005812;0,018218;0,036774;4,515415;0,001181;4,513358;4,517021;6061,302753;19,410200;6033,408286;6097,479174;-582089280,284259;723643,851159;-583126766,170121;-580668539,226054;0,015133;0,004719;0,008581;0,023192;0,040229;0,000023;0,040193;0,040267;1,009463;0,003403;1,004455;1,016076;0,007814;0,001994;0,004407;0,011022;0,020612;0,004102;0,013021;0,026334;0,055404;0,008508;0,041151;0,068250;0,022363;0,006064;0,012675;0,031375;0,020419;0,007825;0,007209;0,033627;0,000100;0,000273;0,000000;0,000667
25;0,002447;0,004020;-0,002993;0,009369;0,017477;0,002122;0,014870;0,021200;0,030507;0,006104;0,019435;0,039171;4,516731;0,001205;4,514490;4,518223;6060,738419;21,181717;6031,714105;6099,740119;-607510460,074786;929171,335075;-608916299,513261;-605905748,173667;0,015017;0,004587;0,008740;0,023688;0,040230;0,000025;0,040192;0,040277;1,009489;0,003802;1,003957;1,016764;0,008629;0,002185;0,005008;0,011815;0,021877;0,004242;0,013826;0,027736;0,059819;0,009231;0,043827;0,074297;0,023875;0,006258;0,013676;0,033678;0,021641;0,008015;0,008010;0,035214;0,000107;0,000278;0,000000;0,000667
26;0,001351;0,004440;-0,004769;0,009056;0,018509;0,002613;0,014800;0,022640;0,032677;0,006422;0,020741;0,041053;4,518050;0,001238;4,515819;4,519712;6059,233043;23,037835;6028,440312;6100,991785;-632845132,053206;1235407,914319;-634740257,886371;-630878026,862631;0,014939;0,004376;0,009098;0,022202;0,040231;0,000027;0,040191;0,040283;1,009389;0,004240;1,003316;1,017324;0,009529;0,002345;0,005509;0,013217;0,023148;0,004405;0,014619;0,029152;0,064417;0,009898;0,047236;0,078983;0,025371;0,006454;0,014343;0,036358;0,023031;0,008302;0,008410;0,036815;0,000107;0,000278;0,000000;0,000667
27;0,000090;0,004889;-0,006119;0,008700;0,019731;0,003074;0,014850;0,024330;0,034849;0,006708;0,021844;0,043866;4,519297;0,001272;4,517186;4,521334;6056,742348;24,983899;6023,947918;6101,855686;-658060126,166653;1637152,644284;-660675307,391697;-655472110,889276;0,014593;0,003946;0,008489;0,021451;0,040228;0,000029;0,040187;0,040288;1,009151;0,004720;1,002525;1,017773;0,010406;0,002541;0,006107;0,014029;0,024443;0,004504;0,015220;0,030755;0,068956;0,010542;0,049246;0,084031;0,027014;0,006604;0,015349;0,037692;0,024321;0,008396;0,010004;0,038431;0,000107;0,000278;0,000000;0,000667
28;-0,001306;0,005357;-0,008209;0,008402;0,021007;0,003443;0,014880;0,025740;0,037040;0,007108;0,023351;0,046575;4,520470;0,001323;4,518466;4,522343;6053,311933;27,013229;6018,562508;6101,883759;-683143356,663470;2109304,656422;-686691187,997673;-679804001,960004;0,014561;0,003778;0,008438;0,020874;0,040222;0,000030;0,040177;0,040274;1,008770;0,005239;1,001574;1,018060;0,011262;0,002756;0,006609;0,015027;0,025778;0,004709;0,016323;0,032365;0,073487;0,011382;0,053213;0,089082;0,028700;0,006976;0,017011;0,039693;0,025651;0,008550;0,010804;0,039648;0,000107;0,000278;0,000000;0,000667
29;-0,002839;0,005833;-0,010609;0,008020;0,022353;0,003817;0,014940;0,027350;0,039337;0,007407;0,024857;0,049189;4,521610;0,001353;4,519402;4,523897;6048,948440;29,177895;6012,243018;6101,753150;-708071892,160596;2651950,637202;-712226775,976727;-703804422,060732;0,014530;0,003722;0,008982;0,020815;0,040216;0,000033;0,040171;0,040283;1,008233;0,005797;1,000463;1,018183;0,012155;0,002921;0,007311;0,016431;0,027182;0,004872;0,017039;0,033878;0,078203;0,011923;0,056541;0,095541;0,030559;0,007305;0,018018;0,042028;0,026977;0,008842;0,011605;0,040816;0,000107;0,000278;0,000000;0,000667
30;0,057998;0,005800;0,050129;0,069106;0,249593;0,007187;0,236990;0,258720;0,056840;0,009219;0,040192;0,069910;4,535785;0,002145;4,532466;4,539344;6257,063256;26,532382;6223,728969;6305,219769;-470662056,746586;3662764,991749;-476485270,013623;-464844177,456938;0,017009;0,003198;0,011571;0,022066;0,055753;0,002598;0,052227;0,060687;1,025036;0,006344;1,016507;1,036124;0,019943;0,004177;0,013435;0,026683;0,036896;0,005662;0,026471;0,044734;0,113810;0,015048;0,089382;0,135890;0,043353;0,009208;0,026702;0,057744;0,039124;0,010853;0,020032;0,055645;0,000173;0,000335;0,000000;0,000667
31;0,098820;0,006219;0,090380;0,110886;0,208342;0,006097;0,197470;0,216380;0,074229;0,011166;0,053398;0,089393;4,550413;0,002836;4,545432;4,555435;6418,073954;25,583111;6386,043459;6464,171838;-240758541,744532;4556979,728143;-248084980,215176;-233576205,379194;0,017639;0,002954;0,012872;0,023391;0,085020;0,004584;0,078770;0,093868;1,041617;0,007010;1,032394;1,054089;0,026835;0,005188;0,018461;0,035829;0,047393;0,006665;0,033808;0,057080;0,148737;0,018242;0,116162;0,174764;0,056576;0,010704;0,037717;0,073765;0,051205;0,013337;0,028434;0,072144;0,000247;0,000418;0,000000;0,001333
32;0,126408;0,006995;0,116986;0,140076;0,179960;0,005567;0,169880;0,187890;0,089354;0,013480;0,064296;0,108877;4,564237;0,003535;4,557944;4,570316;6543,017108;26,134654;6508,102592;6593,302037;-16521008,195572;5402254,632956;-25364478,824025;-8045898,728902;0,017366;0,002435;0,013446;0,021975;0,117876;0,006308;0,109340;0,130149;1,058181;0,007813;1,047263;1,072571;0,032036;0,006264;0,022287;0,042425;0,057319;0,007858;0,042784;0,068221;0,179384;0,022428;0,137314;0,210313;0,068795;0,012798;0,047762;0,088510;0,060592;0,014932;0,036859;0,084603;0,000307;0,000466;0,000000;0,001333
33;0,145334;0,007984;0,134857;0,160938;0,159916;0,005439;0,149810;0,168010;0,101964;0,015381;0,074134;0,125578;4,577115;0,003940;4,569661;4,583482;6640,875828;28,080089;6603,588079;6696,488039;203385445,597192;6226136,227576;193063869,665917;213086851,692812;0,016868;0,002108;0,013732;0,020155;0,149341;0,007958;0,138660;0,164910;1,074897;0,008756;1,062302;1,091442;0,035770;0,007005;0,024020;0,046657;0,066194;0,009021;0,048609;0,079228;0,205398;0,025897;0,159582;0,246876;0,078559;0,014565;0,054831;0,101304;0,068413;0,016204;0,040865;0,093825;0,000353;0,000520;0,000000;0,001333
34;0,158612;0,009067;0,146414;0,176070;0,145384;0,005564;0,134960;0,153420;0,112239;0,016933;0,082646;0,138028;4,589198;0,004188;4,581159;4,596050;6718,276537;31,108577;6674,581934;6780,759324;419900134,906754;7083400,998903;408088379,681957;430881777,956809;0,016349;0,001869;0,013514;0,019615;0,177298;0,009605;0,164637;0,196040;1,091887;0,009839;1,077436;1,110830;0,038355;0,007591;0,025435;0,050593;0,073884;0,010003;0,054975;0,088330;0,227474;0,028371;0,180007;0,272912;0,086086;0,016171;0,057544;0,113340;0,074254;0,017287;0,042869;0,099759;0,000447;0,000566;0,000000;0,002000
35;0,168182;0,010177;0,153290;0,187569;0,134599;0,005843;0,123650;0,143290;0,120998;0,018425;0,088504;0,148581;4,600708;0,004384;4,592350;4,607875;6780,036291;34,896051;6732,460729;6848,124027;633683447,214019;7999168,127111;620433383,510596;646097868,311849;0,015644;0,001762;0,012958;0,018958;0,201142;0,011263;0,186426;0,222960;1,109232;0,011064;1,092972;1,130895;0,040087;0,008044;0,025940;0,053845;0,080911;0,010983;0,061596;0,097060;0,247490;0,030828;0,192971;0,297720;0,091914;0,017627;0,059886;0,119826;0,078521;0,018458;0,044471;0,106613;0,000540;0,000594;0,000000;0,002000
36;0,175311;0,011250;0,158223;0,197046;0,126457;0,006219;0,114930;0,135910;0,128224;0,019519;0,092472;0,159787;4,611733;0,004459;4,603407;4,619129;6829,560140;39,223767;6777,788377;6905,451267;845188238,242817;9003679,129463;830125681,222890;858846753,606365;0,014848;0,001770;0,012346;0,018229;0,220854;0,012494;0,203495;0,245886;1,126986;0,012422;1,109017;1,151632;0,041250;0,008346;0,026647;0,055376;0,086974;0,011752;0,066284;0,103917;0,264915;0,032612;0,203109;0,315969;0,096278;0,018906;0,060555;0,128428;0,081442;0,019254;0,046092;0,110754;0,000687;0,000696;0,000000;0,002000
37;0,180820;0,012252;0,161891;0,204564;0,120210;0,006642;0,107870;0,130420;0,134550;0,020399;0,096100;0,168631;4,622416;0,004472;4,614039;4,629802;6869,513103;43,807410;6809,194419;6955,261668;1054740383,154390;10123752,813343;1037383852,483704;1069665361,743861;0,014185;0,001604;0,011697;0,017706;0,235517;0,011384;0,216368;0,250000;1,145189;0,013909;1,125403;1,173046;0,042038;0,008562;0,027353;0,057005;0,092512;0,012410;0,070114;0,110182;0,281302;0,033862;0,214455;0,333900;0,099350;0,019929;0,061143;0,131905;0,083571;0,020020;0,047295;0,113071;0,000807;0,000744;0,000000;0,002000
38;0,185187;0,013169;0,164794;0,210554;0,115384;0,007088;0,102140;0,126270;0,140344;0,021070;0,099940;0,174645;4,632913;0,004406;4,625000;4,640274;6901,702941;48,491986;6831,337919;6996,843004;1262574532,466398;11393998,541606;1242865975,143589;1279024590,690162;0,013573;0,001482;0,011432;0,016449;0,244020;0,008053;0,226524;0,250000;1,163851;0,015521;1,142133;1,194994;0,042692;0,008688;0,028158;0,057917;0,097651;0,012937;0,073634;0,115834;0,297209;0,034767;0,230821;0,349966;0,101766;0,020820;0,063503;0,136120;0,084887;0,020518;0,048096;0,116279;0,001007;0,000851;0,000000;0,002667
39;0,188715;0,013994;0,167092;0,215794;0,111661;0,007541;0,097490;0,123440;0,145746;0,021588;0,104496;0,180581;4,643294;0,004257;4,635891;4,650378;6927,414267;53,140997;6848,976504;7031,334642;1468842934,505551;12851179,118758;1445711871,562850;1487044439,444533;0,012954;0,001382;0,010793;0,015467;0,247743;0,005085;0,234512;0,250000;1,182972;0,017252;1,158736;1,217613;0,043298;0,008746;0,028563;0,058634;0,102449;0,013395;0,077828;0,122393;0,312676;0,035665;0,243408;0,364562;0,103663;0,021415;0,064505;0,140803;0,085777;0,020865;0,048898;0,118780;0,001213;0,000940;0,000000;0,003333
40;0,191607;0,014709;0,168705;0,220050;0,108815;0,007990;0,093760;0,121440;0,150956;0,021631;0,110161;0,184916;4,653626;0,003980;4,646665;4,660567;6947,659319;57,642735;6862,940197;7060,081550;1673655479,076117;14504674,817094;1646688479,890795;1693810754,014251;0,012511;0,001413;0,010188;0,014733;0,249044;0,003178;0,241240;0,250000;1,202548;0,019090;1,175463;1,240831;0,043881;0,008747;0,028968;0,059376;0,107075;0,013437;0,081766;0,126890;0,327905;0,035604;0,259723;0,378479;0,105239;0,021537;0,067848;0,142809;0,086542;0,020981;0,049699;0,119583;0,001480;0,001077;0,000000;0,003333
41;0,194003;0,015330;0,170095;0,223533;0,106687;0,008411;0,090870;0,119990;0,155981;0,021766;0,114545;0,190702;4,663892;0,003674;4,657290;4,670303;6963,162898;61,788178;6870,709426;7084,006755;1877124222,802509;16355113,667826;1846347205,481953;1899411935,943024;0,011988;0,001357;0,009965;0,014068;0,249552;0,001990;0,246757;0,250000;1,222576;0,021035;1,192508;1,264345;0,044413;0,008736;0,029572;0,059879;0,111568;0,013586;0,087031;0,131688;0,342814;0,035774;0,271651;0,394433;0,106784;0,021753;0,070856;0,144389;0,087060;0,021043;0,050501;0,119984;0,001674;0,001149;0,000000;0,004000
42;0,195998;0,015879;0,171399;0,226845;0,105152;0,008815;0,088540;0,119250;0,160914;0,021862;0,119388;0,195885;4,674135;0,003338;4,668081;4,680463;6974,591196;65,632729;6875,387010;7103,635120;2079340123,910350;18394871,266001;2044389240,677062;2104505040,075937;0,011564;0,001392;0,009449;0,013915;0,249813;0,001395;0,250000;0,250000;1,243047;0,023089;1,209891;1,288907;0,044973;0,008701;0,030483;0,060288;0,115941;0,013735;0,090653;0,136492;0,357557;0,035975;0,285618;0,409836;0,108088;0,021942;0,071882;0,147069;0,087629;0,021000;0,051303;0,121188;0,001961;0,001250;0,000000;0,004667
43;0,197645;0,016377;0,172171;0,229700;0,104130;0,009223;0,086720;0,119050;0,165907;0,022011;0,124132;0,201271;4,684350;0,003023;4,679175;4,689879;6982,442877;69,142376;6877,746643;7119,378411;2280391983,388929;20625196,023939;2240858128,126910;2309341711,349258;0,011100;0,001341;0,008928;0,013303;0,249871;0,001091;0,250000;0,250000;1,263951;0,025253;1,227574;1,314076;0,045558;0,008668;0,031083;0,060603;0,120349;0,013900;0,093863;0,141647;0,372559;0,036577;0,301523;0,425154;0,109225;0,021849;0,073888;0,148074;0,088314;0,021032;0,052484;0,121589;0,002261;0,001386;0,000667;0,005333
44;0,199010;0,016853;0,172641;0,232038;0,103601;0,009733;0,085460;0,120180;0,170601;0,022088;0,128990;0,205974;4,694435;0,002713;4,690269;4,699398;6987,115374;72,396624;6877,135899;7130,790726;2480359223,693927;23070845,531570;2435800007,208471;2512784474,149658;0,010680;0,001327;0,008557;0,013026;0,249907;0,000923;0,250000;0,250000;1,285285;0,027536;1,245570;1,339853;0,046093;0,008633;0,031495;0,061309;0,124508;0,013998;0,097806;0,146386;0,386912;0,037009;0,315273;0,441558;0,110129;0,021760;0,075226;0,148396;0,088868;0,021052;0,052906;0,121687;0,002581;0,001375;0,000667;0,005333
45;0,200106;0,017348;0,172695;0,234050;0,103739;0,010607;0,084690;0,123030;0,175190;0,022114;0,133347;0,210234;4,704423;0,002430;4,700441;4,708627;6989,090995;75,320882;6874,131966;7139,766965;2679363427,325973;25767870,067564;2629333877,731437;2714892434,986764;0,010303;0,001312;0,008112;0,012581;0,249916;0,000838;0,250000;0,250000;1,307033;0,029949;1,263800;1,366268;0,046633;0,008637;0,032105;0,061926;0,128557;0,014049;0,102133;0,150953;0,401035;0,036996;0,330173;0,457250;0,110949;0,021765;0,075560;0,149064;0,089420;0,021050;0,053307;0,122088;0,002861;0,001422;0,000667;0,005333
46;0,200902;0,017882;0,172697;0,235716;0,104755;0,011715;0,084230;0,125450;0,179671;0,022122;0,138799;0,214776;4,714291;0,002217;4,710622;4,718840;6988,695767;77,920037;6869,817761;7145,063977;2877565685,009733;28780579,736147;2821496439,604844;2916590185,619354;0,009942;0,001308;0,007788;0,012135;0,249919;0,000809;0,250000;0,250000;1,329164;0,032510;1,282243;1,393464;0,047181;0,008627;0,032414;0,062342;0,132490;0,014060;0,106265;0,154195;0,414813;0,037048;0,345073;0,468354;0,111681;0,021818;0,075894;0,149164;0,090034;0,021073;0,053307;0,122433;0,003174;0,001449;0,001333;0,005337
47;0,201374;0,018400;0,172507;0,237095;0,106608;0,012534;0,084050;0,127710;0,184122;0,022104;0,142541;0,219059;4,724033;0,002081;4,720988;4,728222;6986,248358;80,217924;6864,022382;7147,147477;3075117148,139356;32078729,548063;3012336736,643791;3117818629,162609;0,009571;0,001285;0,007627;0,011775;0,249917;0,000826;0,250000;0,250000;1,351643;0,035207;1,300881;1,421555;0,047751;0,008584;0,033125;0,062651;0,136371;0,014090;0,110105;0,158431;0,428473;0,036939;0,357845;0,479373;0,112414;0,021814;0,076229;0,149833;0,090649;0,021071;0,054087;0,123695;0,003541;0,001624;0,001333;0,006667
48;0,201553;0,018852;0,172196;0,238213;0,108879;0,012956;0,084740;0,130070;0,188627;0,022085;0,147204;0,223243;4,733642;0,002069;4,730749;4,737938;6981,987563;82,201040;6857,062264;7146,684342;3272096146,438459;35607206,369692;3202040258,176311;3319781646,939698;0,009260;0,001292;0,007212;0,011375;0,249911;0,000882;0,250000;0,250000;1,374450;0,038028;1,319704;1,450294;0,048317;0,008539;0,033632;0,063383;0,140310;0,014133;0,113829;0,162078;0,442308;0,037012;0,371061;0,492670;0,113104;0,021772;0,077232;0,150836;0,091273;0,021003;0,055711;0,124398;0,003955;0,001732;0,001334;0,006671
49;0,201494;0,019214;0,171711;0,238927;0,111379;0,013026;0,087150;0,132050;0,192939;0,022063;0,151194;0,227681;4,743058;0,002252;4,740022;4,747354;6976,105389;83,897936;6849,105329;7144,171568;3468552780,523329;39311523,403140;3390955824,296457;3521396599,727371;0,008949;0,001315;0,006966;0,011162;0,249903;0,000968;0,250000;0,250000;1,397575;0,040956;1,338683;1,479604;0,048882;0,008547;0,034438;0,063969;0,144057;0,014134;0,117617;0,165537;0,455563;0,036963;0,388435;0,504930;0,113777;0,021749;0,077232;0,151890;0,091892;0,020950;0,056513;0,124849;0,004322;0,001781;0,001336;0,007338
50;0,201283;0,019486;0,171127;0,239519;0,113831;0,012991;0,090340;0,134480;0,197192;0,021953;0,155645;0,231561;4,752281;0,002557;4,748528;4,757038;6968,861342;85,297165;6839,850817;7140,073671;3664486084,349868;43162474,590900;3578979317,105124;3722663081,986065;0,008633;0,001268;0,006954;0,010835;0,249893;0,001063;0,250000;0,250000;1,421028;0,043983;1,357836;1,509462;0,049379;0,008548;0,035042;0,064549;0,147813;0,014027;0,121359;0,168454;0,468716;0,036635;0,400000;0,518455;0,114443;0,021786;0,078235;0,153229;0,092407;0,020912;0,056914;0,126003;0,004656;0,001860;0,002000;0,008005
51;0,200974;0,019677;0,170700;0,239912;0,116206;0,012921;0,092470;0,136680;0,201327;0,021825;0,160649;0,235419;4,761345;0,002962;4,757036;4,766889;6960,482670;86,388042;6830,091718;7134,761456;3859886136,322878;47147465,247453;3767596169,300113;3923574591,094439;0,008380;0,001253;0,006727;0,010675;0,249884;0,001156;0,250000;0,250000;1,444814;0,047102;1,377227;1,539837;0,049897;0,008521;0,035247;0,064751;0,151430;0,013948;0,124924;0,172299;0,481432;0,036252;0,413700;0,532742;0,115170;0,021732;0,079238;0,153614;0,092924;0,020916;0,057315;0,126404;0,004956;0,001938;0,002001;0,008672
52;0,200599;0,019809;0,170413;0,240048;0,118537;0,012822;0,094920;0,138830;0,205409;0,021746;0,165322;0,239341;4,770241;0,003391;4,765714;4,776528;6951,144375;87,167691;6820,207210;7127,792221;4054753043,046500;51261665,138992;3955816143,141679;4124052760,214459;0,008074;0,001266;0,006427;0,010427;0,249875;0,001248;0,250000;0,250000;1,468939;0,050316;1,396901;1,570769;0,050413;0,008502;0,035959;0,065156;0,154995;0,013910;0,128808;0,175536;0,493917;0,035989;0,424839;0,547196;0,115858;0,021744;0,080241;0,154284;0,093539;0,020934;0,058918;0,126404;0,005303;0,002070;0,002001;0,008678
53;0,200174;0,019903;0,170081;0,240032;0,120838;0,012762;0,097390;0,141030;0,209456;0,021612;0,169155;0,243407;4,778992;0,003872;4,773871;4,786641;6940,994567;87,691863;6810,091478;7119,478365;4249079729,116732;55515275,583649;4143255628,735067;4324172583,463718;0,007902;0,001294;0,006134;0,010039;0,249865;0,001346;0,250000;0,250000;1,493405;0,053625;1,416797;1,602276;0,050938;0,008493;0,036544;0,065662;0,158518;0,013794;0,132136;0,178875;0,506192;0,035561;0,437691;0,557299;0,116636;0,021796;0,080348;0,155496;0,094126;0,020948;0,058918;0,127207;0,005657;0,002129;0,002667;0,010007
54;0,199711;0,019959;0,169624;0,240009;0,123129;0,012660;0,099690;0,143020;0,213436;0,021500;0,172382;0,247981;4,787568;0,004343;4,781749;4,796185;6930,150526;87,949577;6799,467735;7110,217347;4442874229,266182;59891414,176608;4328900204,401901;4523885737,352133;0,007702;0,001245;0,005912;0,009827;0,249855;0,001442;0,250000;0,250000;1,518213;0,057029;1,436917;1,634379;0,051468;0,008469;0,036981;0,065965;0,161968;0,013743;0,135007;0,182416;0,518305;0,035226;0,453152;0,566803;0,117353;0,021728;0,081353;0,155496;0,094748;0,020956;0,058941;0,128071;0,005984;0,002115;0,003333;0,010007
55;0,199226;0,019993;0,169100;0,239813;0,125394;0,012583;0,102400;0,144840;0,217287;0,021486;0,177646;0,251969;4,795958;0,004843;4,789343;4,805729;6918,731404;87,980209;6788,362845;7100,072489;4636133147,422195;64404089,610647;4513029114,757177;4723162977,005751;0,007485;0,001271;0,005742;0,009933;0,249846;0,001532;0,250000;0,250000;1,543370;0,060531;1,457294;1,667054;0,051980;0,008419;0,037291;0,066586;0,165306;0,013769;0,139211;0,185388;0,530023;0,035402;0,465670;0,580491;0,118059;0,021602;0,081687;0,155957;0,095301;0,020948;0,059319;0,128928;0,006344;0,002250;0,003336;0,010681
56;0,198744;0,020030;0,168563;0,239326;0,127569;0,012568;0,105010;0,147040;0,221080;0,021385;0,182020;0,254985;4,804164;0,005342;4,796746;4,815243;6906,898099;87,857432;6776,999125;7088,502211;4828837973,390974;69063662,577897;4696281167,119539;4922016921,884928;0,007260;0,001272;0,005463;0,009632;0,249838;0,001611;0,250000;0,250000;1,568887;0,064139;1,477941;1,700334;0,052459;0,008402;0,037896;0,067112;0,168621;0,013659;0,143376;0,187873;0,541592;0,035006;0,477729;0,590599;0,118739;0,021613;0,082692;0,156961;0,095917;0,020967;0,060072;0,129331;0,006585;0,002339;0,003336;0,012008
57;0,198264;0,020051;0,168053;0,238719;0,129699;0,012503;0,107100;0,149210;0,224816;0,021276;0,185368;0,258708;4,812217;0,005845;4,803784;4,824280;6894,756585;87,554853;6765,451119;7075,938550;5020978837,114316;73864547,458778;4878758108,158237;5120423541,998444;0,007072;0,001299;0,005110;0,009424;0,249830;0,001681;0,250000;0,250000;1,594769;0,067851;1,498861;1,734216;0,052966;0,008390;0,038198;0,067740;0,171850;0,013566;0,146400;0,190968;0,552901;0,034601;0,488949;0,601506;0,119478;0,021566;0,083946;0,157296;0,096508;0,021055;0,060473;0,129734;0,006859;0,002374;0,003336;0,012675
58;0,197782;0,020084;0,167518;0,238030;0,131812;0,012451;0,109070;0,151190;0,228464;0,021348;0,188521;0,261772;4,820116;0,006300;4,810972;4,833159;6882,377408;87,101884;6753,914672;7062,429168;5212552770,469939;78812349,209745;5060358012,345356;5318448615,134168;0,006846;0,001274;0,005053;0,009356;0,249820;0,001749;0,250000;0,250000;1,621017;0,071677;1,519555;1,768595;0,053496;0,008433;0,038601;0,068253;0,174968;0,013612;0,150494;0,194164;0,563840;0,034695;0,500511;0,612119;0,120228;0,021696;0,084281;0,158512;0,097142;0,021097;0,060873;0,130137;0,007186;0,002430;0,003338;0,012675
59;0,197313;0,020115;0,166956;0,237233;0,133876;0,012485;0,111220;0,153270;0,231997;0,021198;0,192859;0,265018;4,827834;0,006825;4,817889;4,841709;6869,853090;86,584573;6742,324954;7048,038762;5403543387,253926;83914904,917166;5240978262,652901;5516791970,290383;0,006684;0,001199;0,004913;0,009054;0,249809;0,001819;0,250000;0,250000;1,647643;0,075614;1,540265;1,803285;0,053999;0,008396;0,039008;0,068672;0,177999;0,013505;0,152970;0,196901;0,574476;0,034292;0,511755;0,620678;0,120955;0,021656;0,084281;0,159517;0,097736;0,021094;0,061274;0,130943;0,007486;0,002449;0,004000;0,012684
60;0,196851;0,020117;0,166258;0,236500;0,135896;0,012412;0,112830;0,155620;0,235537;0,020926;0,197297;0,268679;4,835406;0,007361;4,824917;4,850631;6857,257645;85,919930;6730,496219;7033,246338;5593949683,375230;89168187,063668;5420662978,079489;5715168444,952219;0,006488;0,001111;0,004841;0,008490;0,249796;0,001893;0,250000;0,250000;1,674649;0,079652;1,561185;1,838568;0,054508;0,008378;0,039617;0,068780;0,181029;0,013257;0,157614;0,199959;0,585069;0,033422;0,525850;0,628074;0,121693;0,021657;0,085284;0,159853;0,098309;0,021040;0,061699;0,131346;0,007867;0,002527;0,004011;0,013342
61;0,196414;0,020097;0,165746;0,235843;0,137888;0,012276;0,115120;0,157570;0,238879;0,020827;0,200444;0,270598;4,842772;0,007852;4,831598;4,858835;6844,643741;85,075486;6719,376802;7018,155805;5783756088,848142;94553269,110700;5599310900,035848;5913146646,581183;0,006325;0,001088;0,004697;0,008312;0,249782;0,001964;0,250000;0,250000;1,702049;0,083793;1,582375;1,874468;0,054965;0,008366;0,040125;0,069091;0,183914;0,013177;0,160509;0,203120;0,595119;0,033061;0,535945;0,638699;0,122306;0,021685;0,085647;0,160308;0,098954;0,020995;0,061773;0,132022;0,008168;0,002550;0,004011;0,013351
62;0,196001;0,020077;0,165543;0,235285;0,139779;0,012215;0,116730;0,158980;0,242185;0,020674;0,204117;0,273452;4,850007;0,008343;4,837852;4,867065;6832,117335;84,141657;6709,112282;7003,240820;5972942594,341665;100088560,598219;5777010255,154723;6110707261,969266;0,006170;0,001056;0,004542;0,008069;0,249765;0,002032;0,250000;0,250000;1,729851;0,088046;1,603815;1,911017;0,055461;0,008379;0,040839;0,069746;0,186724;0,013034;0,163049;0,205370;0,604919;0,032545;0,546539;0,647825;0,123026;0,021683;0,085982;0,161312;0,099556;0,021005;0,062525;0,132022;0,008548;0,002625;0,004011;0,014009
63;0,195601;0,020053;0,165278;0,234868;0,141659;0,012141;0,118910;0,160830;0,245428;0,020603;0,206803;0,277373;4,857091;0,008838;4,844234;4,875206;6819,697866;83,121883;6698,774882;6988,164243;6161502653,054279;105773772,489023;5953719296,104873;6307801577,965090;0,005986;0,001021;0,004357;0,008031;0,249744;0,002105;0,250000;0,250000;1,758060;0,092413;1,625455;1,948265;0,055974;0,008347;0,041150;0,069815;0,189454;0,012988;0,165691;0,208228;0,614531;0,032374;0,555745;0,657300;0,123779;0,021643;0,086986;0,162198;0,100189;0,020998;0,063327;0,132424;0,008815;0,002642;0,004679;0,014019
64;0,195215;0,020025;0,164904;0,234578;0,143509;0,012098;0,121470;0,162730;0,248608;0,020400;0,210192;0,280069;4,864025;0,009351;4,850524;4,883114;6807,416773;82,056780;6688,573988;6973,824530;6349419518,501905;111618971,379963;6129373780,619164;6504570377,205758;0,005855;0,000982;0,004196;0,007577;0,249723;0,002171;0,250000;0,250000;1,786680;0,096893;1,647312;1,986240;0,056481;0,008304;0,041667;0,070423;0,192127;0,012837;0,168366;0,210468;0,623907;0,031762;0,561882;0,667122;0,124497;0,021664;0,087655;0,162985;0,100849;0,020902;0,064128;0,132825;0,009169;0,002626;0,005333;0,014667
65;0,194841;0,019979;0,164401;0,234280;0,145341;0,011964;0,122990;0,164660;0,251633;0,020321;0,213485;0,283340;4,870802;0,009848;4,856557;4,890713;6795,289562;80,877635;6678,195996;6959,346871;6536690041,860737;117599542,306089;6303990371,221124;6700809552,306364;0,005684;0,000968;0,004064;0,007221;0,249701;0,002231;0,250000;0,250000;1,815720;0,101479;1,669457;2,024903;0,056990;0,008248;0,042377;0,070835;0,194643;0,012799;0,170924;0,212792;0,632751;0,031562;0,572988;0,678094;0,125239;0,021633;0,088324;0,163655;0,101465;0,020861;0,064982;0,133468;0,009550;0,002586;0,005340;0,014667
66;0,194499;0,019940;0,163872;0,233964;0,147078;0,011888;0,125410;0,166330;0,254649;0,020201;0,217747;0,286479;4,877416;0,010303;4,862557;4,897966;6783,393387;79,652209;6667,585679;6945,158154;6723286726,577614;123726334,994583;6477615576,014032;6896553376,792131;0,005558;0,000957;0,004025;0,006994;0,249676;0,002287;0,249776;0,250000;1,845195;0,106186;1,691895;2,064258;0,057450;0,008241;0,042680;0,071291;0,197199;0,012697;0,173368;0,215545;0,641718;0,031185;0,585125;0,684265;0,125943;0,021668;0,088688;0,164324;0,102001;0,020871;0,065383;0,133871;0,009817;0,002663;0,005340;0,014686
67;0,194181;0,019897;0,163396;0,233744;0,148803;0,011820;0,127760;0,168100;0,257498;0,020005;0,220069;0,288812;4,883864;0,010785;4,868400;4,905450;6771,726815;78,402956;6657,272257;6931,140047;6909203144,808772;130012620,228901;6650176870,987509;7091855864,491592;0,005394;0,000938;0,003872;0,007138;0,249649;0,002339;0,249405;0,250000;1,875114;0,111011;1,714952;2,104379;0,057901;0,008201;0,043083;0,071501;0,199597;0,012535;0,176096;0,217787;0,650104;0,030622;0,591948;0,693654;0,126546;0,021673;0,089023;0,165214;0,102585;0,020876;0,066132;0,133896;0,010218;0,002689;0,006004;0,014686
68;0,193892;0,019854;0,162984;0,233624;0,150424;0,011715;0,129120;0,169110;0,260356;0,019866;0,222491;0,291983;4,890201;0,011228;4,873922;4,912599;6760,360859;77,105884;6647,350259;6917,457976;7094406100,566533;136451750,998128;6822592411,152871;7286678705,360267;0,005253;0,000939;0,003761;0,007166;0,249622;0,002392;0,248955;0,250000;1,905488;0,115959;1,738461;2,145299;0,058373;0,008215;0,043491;0,072116;0,201982;0,012378;0,178467;0,219931;0,658431;0,030123;0,599795;0,702120;0,127271;0,021654;0,090027;0,165328;0,103193;0,020928;0,067335;0,134700;0,010559;0,002778;0,006016;0,015354
69;0,193615;0,019824;0,162744;0,233599;0,152068;0,011639;0,130380;0,170610;0,263165;0,019824;0,224914;0,294742;4,896381;0,011646;4,879578;4,919530;6749,252983;75,798857;6637,754144;6904,292670;7278894861,883288;143045353,370643;6994261540,531085;7481078318,651404;0,005181;0,000901;0,003787;0,006740;0,249594;0,002453;0,248451;0,250000;1,936319;0,121037;1,762224;2,187050;0,058827;0,008235;0,043996;0,072650;0,204338;0,012333;0,180386;0,223011;0,666639;0,030012;0,606619;0,710852;0,127980;0,021652;0,090818;0,165605;0,103785;0,020907;0,067790;0,135688;0,010813;0,002877;0,006016;0,016000
70;0,193343;0,019803;0,162511;0,233531;0,153687;0,011621;0,131700;0,172390;0,265935;0,019659;0,227686;0,297098;4,902436;0,012073;4,885046;4,926578;6738,405461;74,532964;6628,243570;6891,773807;7462660279,829018;149813645,943929;7164921884,326150;7674967403,780808;0,005079;0,000960;0,003568;0,006719;0,249563;0,002519;0,247977;0,250000;1,967612;0,126248;1,786242;2,229584;0,059291;0,008223;0,044803;0,073158;0,206644;0,012197;0,183059;0,224802;0,674712;0,029383;0,614807;0,717130;0,128732;0,021647;0,091365;0,166276;0,104347;0,020880;0,068938;0,136309;0,011067;0,002931;0,006016;0,016011
71;0,193075;0,019774;0,162081;0,233363;0,155285;0,011532;0,133240;0,174140;0,268614;0,019585;0,230412;0,299383;4,908359;0,012508;4,890424;4,933532;6727,814358;73,252249;6618,842069;6879,170131;7645684622,186123;156747120,994334;7334542872,253698;7868315293,435110;0,004983;0,000920;0,003488;0,006577;0,249528;0,002590;0,247546;0,250000;1,999374;0,131587;1,810563;2,272870;0,059758;0,008191;0,045409;0,073669;0,208856;0,012160;0,185271;0,227705;0,682431;0,029204;0,622654;0,725840;0,129416;0,021530;0,091854;0,166778;0,104970;0,020892;0,069739;0,136948;0,011421;0,003022;0,006667;0,016021
72;0,192824;0,019755;0,161547;0,233270;0,156835;0,011489;0,134810;0,176250;0,271126;0,019441;0,233108;0,302090;4,914142;0,012927;4,895211;4,940125;6717,498050;72,000478;6609,382420;6866,795880;7827950192,486067;163859518,513497;7503097527,472378;8061312919,654027;0,004891;0,000874;0,003673;0,006408;0,249490;0,002662;0,246974;0,250000;2,031618;0,137065;1,835219;2,317011;0,060226;0,008193;0,045725;0,073770;0,210901;0,012023;0,187696;0,229750;0,689566;0,028756;0,630249;0,733036;0,130180;0,021573;0,092189;0,167616;0,105548;0,020868;0,070598;0,137349;0,011722;0,003079;0,006676;0,016021
73;0,192588;0,019740;0,161155;0,233072;0,158298;0,011416;0,136560;0,177640;0,273678;0,019401;0,235936;0,304657;4,919825;0,013327;4,900484;4,946852;6707,503456;70,758938;6600,594585;6855,020698;8009427472,691794;171148541,627781;7670698424,368303;8253811065,490688;0,004806;0,000842;0,003671;0,006171;0,249451;0,002732;0,246387;0,250000;2,064354;0,142684;1,860265;2,361924;0,060729;0,008191;0,046033;0,074160;0,212950;0,012000;0,189687;0,231641;0,696745;0,028697;0,640219;0,739548;0,130856;0,021566;0,092189;0,169014;0,106289;0,020878;0,070999;0,138721;0,012110;0,003106;0,007343;0,017356
74;0,192369;0,019733;0,160897;0,232802;0,159796;0,011393;0,138020;0,178730;0,276061;0,019218;0,239673;0,307123;4,925325;0,013727;4,905510;4,952956;6697,769445;69,572035;6592,182787;6842,879086;8190114208,821295;178623308,372325;7837184731,941695;8445798101,333021;0,004741;0,000871;0,003471;0,006351;0,249414;0,002801;0,245859;0,250000;2,097591;0,148450;1,885150;2,407622;0,061151;0,008195;0,046354;0,074739;0,214909;0,011819;0,191425;0,233259;0,703614;0,028081;0,650051;0,745374;0,131529;0,021596;0,092555;0,169742;0,106788;0,020834;0,071400;0,138721;0,012404;0,003202;0,007343;0,017356
75;0,192175;0,019706;0,160664;0,232598;0,161184;0,011290;0,140110;0,180140;0,278439;0,018989;0,242853;0,309004;4,930704;0,014141;4,910287;4,959249;6688,359486;68,374849;6584,256347;6831,374837;8369982720,436628;186272345,728514;8002477670,065912;8637266211,564670;0,004685;0,000839;0,003567;0,006235;0,249379;0,002867;0,245376;0,250000;2,131346;0,154353;1,910278;2,454194;0,061569;0,008185;0,046657;0,075023;0,216870;0,011636;0,194060;0,234925;0,710463;0,027350;0,659720;0,751114;0,132178;0,021549;0,092891;0,170134;0,107348;0,020871;0,071400;0,139526;0,012652;0,003265;0,007348;0,018012
76;0,191993;0,019670;0,160535;0,232337;0,162570;0,011164;0,141980;0,181280;0,280745;0,018839;0,244797;0,311037;4,935970;0,014504;4,915180;4,965291;6679,239123;67,154963;6576,813503;6819,914523;8549021332,726593;194092302,432912;8166720997,650970;8828149361,687506;0,004608;0,000872;0,003417;0,006307;0,249348;0,002925;0,244974;0,250000;2,165621;0,160397;1,935739;2,501586;0,061993;0,008196;0,046965;0,075246;0,218753;0,011492;0,196340;0,236794;0,717054;0,026830;0,665755;0,757545;0,132881;0,021606;0,094232;0,171075;0,107870;0,020773;0,071801;0,139526;0,012886;0,003293;0,007353;0,018024
77;0,191818;0,019638;0,160427;0,232099;0,163920;0,011087;0,143090;0,182240;0,283078;0,018740;0,247575;0,313165;4,941131;0,014864;4,919891;4,971347;6670,406419;65,960920;6569,489564;6808,825342;8727206824,356264;202096684,754056;8329761940,338012;9018459723,834667;0,004495;0,000862;0,003215;0,005985;0,249320;0,002977;0,244657;0,250000;2,200423;0,166592;1,961520;2,549855;0,062417;0,008189;0,047278;0,075761;0,220660;0,011397;0,198686;0,238336;0,723714;0,026553;0,674188;0,762851;0,133590;0,021637;0,094232;0,172414;0,108383;0,020724;0,073034;0,139928;0,013133;0,003260;0,008000;0,018024
78;0,191651;0,019613;0,160388;0,231894;0,165266;0,011031;0,144730;0,183640;0,285205;0,018588;0,250025;0,315224;4,946161;0,015228;4,924599;4,977166;6661,832817;64,811663;6562,457582;6798,064674;8904520534,622938;210296414,454290;8491561990,514643;9208140241,618742;0,004409;0,000872;0,003088;0,006197;0,249294;0,003026;0,244391;0,250000;2,235764;0,172943;1,987669;2,599027;0,062855;0,008184;0,048086;0,076048;0,222350;0,011268;0,200627;0,240008;0,729619;0,026129;0,680000;0,768649;0,134290;0,021618;0,095270;0,173083;0,108955;0,020685;0,074238;0,140330;0,013434;0,003302;0,008000;0,018704
79;0,191500;0,019580;0,160468;0,231620;0,166522;0,010939;0,146240;0,184320;0,287410;0,018376;0,252855;0,316714;4,951087;0,015588;4,928703;4,983052;6653,562622;63,679274;6556,000124;6787,631005;9080933231,639576;218687094,757856;8652120046,406094;9397259602,112427;0,004311;0,000841;0,003061;0,006062;0,249271;0,003070;0,244243;0,250000;2,271657;0,179448;2,014242;2,649054;0,063265;0,008180;0,048894;0,076564;0,224146;0,011083;0,203681;0,241146;0,735865;0,025450;0,687521;0,774493;0,134917;0,021631;0,095606;0,173592;0,109570;0,020655;0,074639;0,140732;0,013668;0,003325;0,008021;0,018704
80;0,191347;0,019542;0,160562;0,231244;0,167806;0,010831;0,147820;0,185020;0,289501;0,018241;0,255584;0,318670;4,955917;0,015938;4,932863;4,988680;6645,535288;62,553141;6550,083989;6777,058591;9256437891,521280;227274963,796021;8811396397,830900;9585721138,828688;0,004225;0,000834;0,003065;0,005720;0,249253;0,003108;0,244188;0,250000;2,308101;0,186108;2,041231;2,699909;0,063709;0,008174;0,049202;0,076978;0,225792;0,010967;0,206007;0,242688;0,741608;0,025006;0,694701;0,779649;0,135564;0,021607;0,096276;0,174263;0,110196;0,020651;0,076244;0,141593;0,014036;0,003377;0,008684;0,019372
81;0,191204;0,019503;0,160649;0,230959;0,169037;0,010773;0,149380;0,186290;0,291559;0,018039;0,259046;0,320308;4,960627;0,016314;4,937104;4,993973;6637,766643;61,478104;6544,464017;6766,762883;9431007124,935179;236077041,742350;8969458836,241508;9773489518,957191;0,004170;0,000791;0,003056;0,005731;0,249237;0,003140;0,244166;0,250000;2,345112;0,192928;2,068592;2,751724;0,064120;0,008130;0,050015;0,077384;0,227439;0,010831;0,207828;0,244253;0,747333;0,024537;0,704856;0,783580;0,136239;0,021554;0,097586;0,174497;0,110723;0,020532;0,077448;0,142742;0,014310;0,003354;0,009340;0,020040
82;0,191062;0,019462;0,160786;0,230875;0,170247;0,010668;0,151330;0,187020;0,293581;0,017890;0,260663;0,322214;4,965237;0,016650;4,941339;4,998957;6630,242238;60,410999;6538,856720;6756,978144;9604629635,654345;245092655,414758;9126212132,653921;9960795488,813420;0,004079;0,000760;0,002905;0,005541;0,249223;0,003166;0,244214;0,250000;2,382694;0,199909;2,096291;2,804621;0,064554;0,008114;0,050318;0,077892;0,229027;0,010700;0,209058;0,245291;0,752939;0,024065;0,709644;0,787285;0,136942;0,021507;0,098256;0,175327;0,111254;0,020515;0,077448;0,143145;0,014570;0,003423;0,009346;0,020694
83;0,190920;0,019429;0,160849;0,230978;0,171447;0,010589;0,152220;0,188050;0,295510;0,017758;0,262988;0,323735;4,969753;0,016959;4,945209;5,003901;6622,940408;59,378354;6533,324848;6748,026499;9777283329,687890;254323517,946162;9281629213,602278;10147363238,277004;0,004021;0,000716;0,002987;0,005360;0,249211;0,003188;0,244278;0,250000;2,420857;0,207063;2,124358;2,858661;0,064988;0,008119;0,050829;0,078415;0,230522;0,010580;0,210776;0,246303;0,758188;0,023686;0,715458;0,790722;0,137639;0,021485;0,099262;0,175662;0,111813;0,020507;0,078683;0,143548;0,014878;0,003465;0,009346;0,021362
84;0,190775;0,019405;0,160832;0,231059;0,172610;0,010536;0,153550;0,189000;0,297471;0,017643;0,264605;0,325848;4,974188;0,017266;4,949395;5,009033;6615,863957;58,402295;6528,072055;6739,596865;9948952722,719398;263786332,830828;9435763354,222490;10333228069,618841;0,003934;0,000729;0,002908;0,005260;0,249200;0,003209;0,244319;0,250000;2,459606;0,214397;2,152762;2,913749;0,065445;0,008104;0,051536;0,078699;0,232025;0,010488;0,212798;0,247417;0,763446;0,023349;0,720246;0,796284;0,138372;0,021521;0,099933;0,176668;0,112435;0,020457;0,078746;0,144413;0,015165;0,003507;0,009358;0,021362
85;0,190623;0,019378;0,160682;0,230935;0,173773;0,010461;0,154410;0,190180;0,299350;0,017496;0,266431;0,327541;4,978530;0,017594;4,953202;5,014311;6608,984879;57,459365;6522,635476;6731,315248;10119612564,246971;273475049,372379;9588432705,875557;10518364990,854412;0,003884;0,000711;0,002869;0,005017;0,249187;0,003234;0,244281;0,250000;2,498948;0,221907;2,181499;2,969753;0,065912;0,008075;0,052041;0,078902;0,233438;0,010384;0,214705;0,248430;0,768381;0,022913;0,726464;0,801789;0,139123;0,021474;0,100302;0,179014;0,113053;0,020400;0,079021;0,144816;0,015540;0,003613;0,010000;0,022044
86;0,190476;0,019351;0,160492;0,230721;0,174916;0,010376;0,155690;0,191560;0,301144;0,017368;0,269141;0,329014;4,982738;0,017887;4,957046;5,019063;6602,294662;56,535755;6517,453895;6722,777248;10289253999,280907;283392154,563478;9739706501,249374;10702888544,925852;0,003850;0,000706;0,002845;0,005106;0,249173;0,003260;0,244150;0,250000;2,538896;0,229597;2,210607;3,026728;0,066328;0,008078;0,052850;0,079635;0,234815;0,010265;0,216222;0,249570;0,773167;0,022426;0,734589;0,805765;0,139807;0,021441;0,100369;0,179350;0,113634;0,020434;0,079952;0,145623;0,015835;0,003721;0,010000;0,022712
87;0,190339;0,019330;0,160356;0,230649;0,176003;0,010307;0,157380;0,192430;0,302893;0,017300;0,270989;0,330730;4,986847;0,018170;4,960630;5,023510;6595,814716;55,644597;6512,284250;6714,588905;10457852757,353266;293547190,418239;9889441089,881048;10886701380,560528;0,003781;0,000701;0,002677;0,005039;0,249157;0,003284;0,243994;0,250000;2,579465;0,237477;2,240092;3,084861;0,066741;0,008068;0,053106;0,079939;0,236152;0,010216;0,217334;0,250886;0,777829;0,022344;0,738952;0,811425;0,140493;0,021407;0,102383;0,179590;0,114176;0,020397;0,081027;0,146833;0,016075;0,003709;0,010020;0,022712
88;0,190220;0,019322;0,160215;0,230555;0,177045;0,010266;0,158560;0,193400;0,304505;0,017290;0,272709;0,332148;4,990845;0,018448;4,964151;5,028455;6589,553184;54,812670;6507,470370;6706,974561;10625372502,763237;303956497,771081;10037640732,812366;11069847378,323221;0,003670;0,000673;0,002583;0,004868;0,249144;0,003298;0,243819;0,250000;2,620674;0,245561;2,269982;3,144074;0,067147;0,008043;0,053765;0,080243;0,237358;0,010227;0,218288;0,252836;0,782033;0,022446;0,743748;0,814522;0,141156;0,021334;0,103390;0,179926;0,114731;0,020410;0,081461;0,146833;0,016369;0,003734;0,010027;0,023380
89;0,190125;0,019330;0,160203;0,230461;0,178010;0,010253;0,159530;0,194280;0,306142;0,017266;0,274180;0,333672;4,994758;0,018707;4,967491;5,033047;6583,542199;54,053031;6502,831845;6699,465433;10791773799,024410;314630901,821832;10184289376,632013;11252189807,143373;0,003603;0,000639;0,002519;0,004642;0,249131;0,003308;0,243642;0,250000;2,662539;0,253858;2,300282;3,204399;0,067537;0,008026;0,053972;0,080657;0,238606;0,010214;0,219344;0,254711;0,786369;0,022426;0,747430;0,819588;0,141778;0,021300;0,104433;0,180598;0,115248;0,020422;0,082263;0,147640;0,016684;0,003750;0,010027;0,023380
90;0,190035;0,019356;0,160171;0,230527;0,178988;0,010238;0,160550;0,195170;0,307662;0,017385;0,275597;0,335197;4,998592;0,018949;4,971135;5,037179;6577,736599;53,358026;6498,438531;6692,358640;10957046698,982410;325583487,611791;10329262753,105211;11433743730,630562;0,003495;0,000636;0,002382;0,004646;0,249119;0,003314;0,243486;0,250000;2,705066;0,262379;2,330971;3,265999;0,067964;0,008012;0,054275;0,081163;0,239698;0,010327;0,219951;0,255548;0,790237;0,022899;0,749486;0,822337;0,142487;0,021304;0,106111;0,181605;0,115796;0,020405;0,083199;0,148447;0,016951;0,003802;0,010681;0,023380
91;0,189964;0,019411;0,160144;0,230738;0,179916;0,010297;0,161490;0,195890;0,309095;0,017497;0,276305;0,336748;5,002331;0,019185;4,974812;5,041402;6572,148563;52,780219;6494,087177;6686,046407;11121152950,460250;336841558,954376;10472614881,447742;11614551456,074345;0,003434;0,000615;0,002341;0,004510;0,249107;0,003325;0,243419;0,250000;2,748275;0,271145;2,362066;3,328932;0,068368;0,007985;0,054680;0,081919;0,240727;0,010460;0,220255;0,256156;0,793837;0,023384;0,750514;0,827254;0,143128;0,021285;0,106447;0,181605;0,116338;0,020391;0,083601;0,149254;0,017286;0,003835;0,010681;0,023380
92;0,189912;0,019497;0,160114;0,230988;0,180801;0,010356;0,161960;0,196710;0,310450;0,017683;0,276912;0,338067;5,005983;0,019382;4,978176;5,045620;6566,781719;52,303717;6489,840044;6680,157337;11284072348,304080;348421093,530403;10614126131,996307;11794629748,444315;0,003379;0,000610;0,002524;0,004495;0,249096;0,003337;0,243353;0,250000;2,792183;0,280172;2,393568;3,393172;0,068782;0,008010;0,055185;0,082224;0,241668;0,010615;0,220457;0,257270;0,797153;0,023933;0,751199;0,830351;0,143801;0,021287;0,106939;0,182276;0,116890;0,020518;0,083601;0,149657;0,017560;0,003890;0,010695;0,024048
93;0,189882;0,019612;0,160089;0,231310;0,181645;0,010466;0,162380;0,197760;0,311744;0,017924;0,277519;0,339759;5,009535;0,019588;4,981381;5,049770;6561,636902;51,954589;6485,782596;6674,722361;11445773173,959532;360341387,078267;10753822013,692700;11973885593,061798;0,003336;0,000596;0,002392;0,004386;0,249084;0,003352;0,243292;0,250000;2,836810;0,289473;2,425489;3,458791;0,069162;0,007997;0,055494;0,082911;0,242582;0,010853;0,220851;0,258081;0,800370;0,024806;0,752913;0,835112;0,144414;0,021240;0,107455;0,183557;0,117426;0,020489;0,084807;0,150222;0,017775;0,003834;0,011356;0,024716
94;0,189873;0,019754;0,159971;0,231752;0,182454;0,010595;0,162740;0,198380;0,312946;0,018182;0,278025;0,341147;5,013008;0,019790;4,984584;5,053697;6556,709443;51,728546;6481,610941;6669,788406;11606229344,575562;372619462,125067;10891568034,107300;12152479615,130054;0,003316;0,000597;0,002416;0,004207;0,249072;0,003370;0,243196;0,250000;2,882173;0,299061;2,457767;3,525887;0,069546;0,007990;0,055904;0,083316;0,243400;0,011111;0,220851;0,259195;0,803192;0,025667;0,753598;0,839286;0,145048;0,021288;0,107790;0,184564;0,117982;0,020490;0,084807;0,150222;0,018029;0,003875;0,011356;0,024716
95;0,189891;0,019907;0,159859;0,232254;0,183212;0,010730;0,163080;0,199090;0,314024;0,018414;0,278458;0,342770;5,016397;0,020023;4,987593;5,057687;6552,008016;51,611845;6477,283046;6665,410357;11765405618,199951;385269583,379463;11027435625,810898;12330341300,021482;0,003282;0,000615;0,002285;0,004358;0,249061;0,003388;0,243068;0,250000;2,928293;0,308939;2,490455;3,594473;0,069935;0,007950;0,055904;0,083756;0,244089;0,011379;0,220851;0,260164;0,805607;0,026573;0,754284;0,841292;0,145678;0,021301;0,108652;0,184899;0,118494;0,020423;0,085542;0,150503;0,018352;0,003901;0,012032;0,024716
96;0,189943;0,020067;0,159780;0,232737;0,183909;0,010834;0,163500;0,200080;0,314988;0,018658;0,279065;0,344191;5,019700;0,020241;4,990622;5,061715;6547,546838;51,565007;6472,891448;6661,387116;11923265117,299963;398291013,031209;11161454853,677807;12507387536,670702;0,003238;0,000620;0,002237;0,004262;0,249049;0,003407;0,242945;0,250000;2,975197;0,319111;2,523578;3,664524;0,070309;0,007940;0,056308;0,084127;0,244680;0,011630;0,220874;0,261077;0,807659;0,027424;0,754284;0,843009;0,146281;0,021274;0,109956;0,185570;0,119004;0,020316;0,086747;0,150905;0,018666;0,003896;0,012040;0,025384
97;0,190019;0,020234;0,159754;0,233161;0,184540;0,010954;0,163980;0,200980;0,315962;0,018921;0,279672;0,345466;5,022968;0,020459;4,993352;5,065680;6543,340280;51,589488;6468,580502;6657,510188;12079764639,356237;411704621,247725;11293564834,201690;12683580735,763481;0,003212;0,000617;0,002286;0,004328;0,249037;0,003429;0,242916;0,250000;3,022898;0,329589;2,557160;3,736028;0,070723;0,007915;0,056819;0,084330;0,245240;0,011918;0,220896;0,261888;0,809631;0,028395;0,754284;0,846392;0,146928;0,021254;0,110627;0,185570;0,119580;0,020274;0,087550;0,151832;0,019008;0,003936;0,012040;0,026052
98;0,190111;0,020408;0,159713;0,233585;0,185195;0,011086;0,164460;0,201670;0,316825;0,019163;0,280105;0,346686;5,026137;0,020684;4,996439;5,069368;6539,330749;51,683625;6464,776463;6653,771331;12234884730,649696;425525710,528469;11423501439,485611;12858940300,697893;0,003127;0,000626;0,002334;0,004173;0,249025;0,003450;0,242751;0,250000;3,071411;0,340385;2,591174;3,809060;0,071126;0,007899;0,057325;0,084431;0,245699;0,012170;0,220896;0,262624;0,811307;0,029239;0,754284;0,847819;0,147566;0,021239;0,111335;0,186242;0,120128;0,020254;0,088755;0,152235;0,019282;0,003927;0,012709;0,026684
99;0,190234;0,020585;0,159626;0,233963;0,185773;0,011195;0,164880;0,202620;0,317587;0,019416;0,280510;0,347738;5,029218;0,020910;4,999307;5,073289;6535,547262;51,820828;6461,316514;6650,353954;12388570550,377740;439756099,794228;11551212235,457699;13033342747,402657;0,003076;0,000617;0,002291;0,004060;0,249012;0,003472;0,242645;0,250000;3,120768;0,351504;2,625599;3,883605;0,071490;0,007889;0,057836;0,084550;0,246096;0,012426;0,220896;0,263532;0,812707;0,030079;0,754284;0,850910;0,148141;0,021254;0,111670;0,187123;0,120666;0,020236;0,089157;0,153443;0,019544;0,003900;0,013378;0,026702
100;0,190385;0,020765;0,159410;0,234312;0,186297;0,011317;0,165200;0,203730;0,318319;0,019654;0,280842;0,348724;5,032236;0,021127;5,002276;5,076917;6531,996336;52,002589;6457,873925;6646,954293;12540789844,626795;454409176,651212;11676753372,187946;13206993463,886547;0,003029;0,000614;0,002246;0,003992;0,249000;0,003496;0,242494;0,250000;3,170990;0,362955;2,660368;3,959699;0,071862;0,007892;0,058145;0,084955;0,246457;0,012659;0,220896;0,264067;0,813976;0,030839;0,754284;0,853265;0,148735;0,021295;0,112341;0,188109;0,121218;0,020192;0,089558;0,153722;0,019798;0,003972;0,014028;0,027388
101;0,190546;0,020945;0,159142;0,234695;0,186809;0,011432;0,165540;0,204470;0,319061;0,019906;0,281044;0,350015;5,035229;0,021352;5,004943;5,080516;6528,650934;52,217532;6454,580409;6643,763755;12691512489,667414;469496899,900144;11800000131,448700;13379765733,315042;0,003003;0,000639;0,002263;0,004212;0,248986;0,003525;0,242237;0,250000;3,222083;0,374746;2,695510;4,037437;0,072262;0,007875;0,058455;0,085297;0,246799;0,012909;0,220918;0,264578;0,815167;0,031699;0,754284;0,856011;0,149372;0,021284;0,113011;0,188381;0,121823;0,020159;0,090361;0,154157;0,020092;0,003996;0,014028;0,028056
102;0,190708;0,021122;0,158910;0,235136;0,187337;0,011551;0,165700;0,205330;0,319739;0,020103;0,281550;0,351233;5,038172;0,021598;5,007431;5,083884;6525,464730;52,463371;6451,001990;6640,734198;12840712913,293606;485034324,969070;11920979693,587248;13551673700,065979;0,002925;0,000605;0,002200;0,003998;0,248970;0,003560;0,241956;0,250000;3,274059;0,386882;2,731084;4,116896;0,072680;0,007860;0,059163;0,085804;0,247058;0,013115;0,220941;0,265302;0,816128;0,032381;0,754626;0,859111;0,149953;0,021319;0,113347;0,189198;0,122440;0,020116;0,090946;0,154714;0,020514;0,004030;0,014047;0,028056
103;0,190875;0,021303;0,158664;0,235574;0,187825;0,011646;0,166100;0,206210;0,320371;0,020326;0,281781;0,352183;5,041067;0,021804;5,010085;5,087366;6522,443252;52,715850;6447,603602;6637,968997;12988342584,073126;501025102,042150;12039582772,612646;13722656092,820671;0,002908;0,000628;0,002115;0,004215;0,248952;0,003603;0,241647;0,250000;3,326940;0,399377;2,767064;4,198066;0,073107;0,007900;0,059175;0,086312;0,247265;0,013284;0,220941;0,265937;0,816873;0,032958;0,754626;0,860834;0,150620;0,021351;0,113682;0,189869;0,123038;0,020200;0,091603;0,155923;0,020869;0,004124;0,014676;0,028705
104;0,191067;0,021469;0,158468;0,236049;0,188306;0,011760;0,166360;0,206880;0,320841;0,020430;0,282417;0,353198;5,043825;0,022071;5,012433;5,090553;6519,566741;52,989834;6444,354010;6635,316464;13134383153,068436;517479104,841139;12155654463,252407;13892703631,430355;0,002894;0,000609;0,002153;0,004282;0,248934;0,003652;0,241329;0,250000;3,380760;0,412229;2,803499;4,281034;0,073443;0,007876;0,059984;0,086749;0,247398;0,013403;0,220941;0,266295;0,817376;0,033329;0,754626;0,861523;0,151180;0,021309;0,114353;0,190124;0,123462;0,020263;0,091603;0,156326;0,021131;0,004120;0,014676;0,028705
105;0,191274;0,021621;0,158304;0,236450;0,188681;0,011809;0,166940;0,207340;0,321384;0,020581;0,282620;0,354351;5,046595;0,022303;5,015052;5,094239;6516,892307;53,231663;6441,133224;6632,951638;13278782090,264837;534406050,254552;12269270241,580310;14061768023,852270;0,002864;0,000604;0,002148;0,004162;0,248917;0,003701;0,241038;0,250000;3,435533;0,425443;2,840393;4,365722;0,073851;0,007863;0,060388;0,087203;0,247533;0,013542;0,220963;0,267106;0,817842;0,033767;0,754969;0,863230;0,151841;0,021308;0,114688;0,190460;0,124102;0,020294;0,091603;0,157131;0,021392;0,004117;0,014686;0,029372
106;0,191483;0,021764;0,158147;0,236742;0,189105;0,011889;0,167100;0,207850;0,321892;0,020693;0,283328;0,355772;5,049307;0,022556;5,017339;5,097695;6514,348699;53,471658;6437,910081;6630,364786;13421511716,267235;551829580,159009;12380306977,598162;14229928770,106840;0,002844;0,000596;0,002059;0,003991;0,248902;0,003749;0,240764;0,250000;3,491272;0,439025;2,877740;4,452098;0,074239;0,007849;0,060793;0,087305;0,247654;0,013667;0,220963;0,267309;0,818294;0,034172;0,755655;0,865292;0,152471;0,021324;0,115733;0,190796;0,124604;0,020203;0,092005;0,157362;0,021734;0,004106;0,014716;0,029372
107;0,191692;0,021894;0,158020;0,237045;0,189509;0,011941;0,167660;0,208390;0,322383;0,020776;0,283791;0,356316;5,051972;0,022810;5,019616;5,100986;6511,930021;53,686528;6434,680825;6627,802813;13562538738,085127;569749942,145150;12488713199,559650;14397193027,982603;0,002813;0,000583;0,001947;0,003940;0,248889;0,003798;0,240505;0,250000;3,547991;0,452981;2,915564;4,540307;0,074643;0,007840;0,061098;0,087751;0,247740;0,013751;0,220986;0,267955;0,818604;0,034457;0,755997;0,866461;0,153115;0,021334;0,116068;0,191468;0,125224;0,020218;0,092005;0,157767;0,022022;0,004100;0,015385;0,029392
108;0,191901;0,022007;0,157955;0,237317;0,189907;0,011969;0,168180;0,208810;0,322837;0,020835;0,284528;0,357165;5,054585;0,023076;5,021866;5,104326;6509,620180;53,865630;6431,684838;6625,313411;13701829430,475254;588162847,889959;12594596227,416597;14563476813,424377;0,002754;0,000547;0,001964;0,003732;0,248879;0,003838;0,240293;0,250000;3,605709;0,467312;2,953904;4,630338;0,075033;0,007820;0,061403;0,087967;0,247804;0,013819;0,220986;0,268288;0,818876;0,034665;0,755997;0,868041;0,153791;0,021374;0,116678;0,191804;0,125710;0,020191;0,092407;0,157767;0,022303;0,004146;0,015385;0,029412
109;0,192109;0,022113;0,157978;0,237599;0,190271;0,011992;0,168840;0,209040;0,323296;0,020899;0,284933;0,357875;5,057178;0,023315;5,024100;5,107445;6507,426489;54,010907;6428,914068;6622,832893;13839335730,764786;607091135,918275;12697863518,509876;14728862703,513900;0,002719;0,000553;0,001923;0,003715;0,248871;0,003867;0,240146;0,250000;3,664445;0,482033;2,992805;4,722272;0,075442;0,007823;0,061916;0,088373;0,247854;0,013872;0,220986;0,268417;0,819075;0,034821;0,756683;0,868412;0,154493;0,021435;0,117746;0,192476;0,126269;0,020120;0,093210;0,158576;0,022565;0,004199;0,015385;0,030080
110;0,192310;0,022212;0,158025;0,237844;0,190651;0,012026;0,169160;0,209660;0,323753;0,020942;0,285439;0,358502;5,059729;0,023566;5,026519;5,110776;6505,317413;54,138389;6426,375933;6620,496358;13975032385,593948;626553406,209043;12798510493,806347;14893137620,212490;0,002674;0,000574;0,001847;0,003924;0,248863;0,003889;0,240070;0,250000;3,724209;0,497152;3,032244;4,816094;0,075859;0,007829;0,062418;0,088990;0,247893;0,013916;0,220986;0,268851;0,819262;0,034982;0,756683;0,869056;0,155188;0,021458;0,118752;0,192812;0,126842;0,020052;0,094014;0,158981;0,022853;0,004187;0,016054;0,030749
111;0,192500;0,022309;0,158114;0,237996;0,191029;0,012050;0,169560;0,209920;0,324212;0,021000;0,286076;0,359396;5,062236;0,023808;5,028813;5,114076;6503,280344;54,243944;6424,016168;6618,081201;14108882726,320606;646557462,459370;12896306763,953800;15056368081,628464;0,002636;0,000620;0,001756;0,004056;0,248856;0,003911;0,240052;0,250000;3,785016;0,512680;3,072250;4,911753;0,076281;0,007855;0,062721;0,089498;0,247931;0,013957;0,221008;0,268980;0,819426;0,035089;0,756683;0,870090;0,155871;0,021487;0,119423;0,193624;0,127494;0,020092;0,094932;0,159790;0,023087;0,004264;0,016054;0,030749
112;0,192680;0,022395;0,158208;0,238126;0,191412;0,012076;0,170140;0,210730;0,324654;0,021007;0,286915;0,359943;5,064700;0,024071;5,031084;5,117031;6501,299176;54,332015;6421,445230;6615,460441;14240857938,051119;667106317,148534;12991473726,062046;15218564920,245184;0,002601;0,000589;0,001767;0,003867;0,248848;0,003935;0,240085;0,250000;3,846881;0,528614;3,112811;5,009345;0,076695;0,007848;0,063038;0,090107;0,247959;0,013988;0,221008;0,269082;0,819552;0,035140;0,757025;0,870434;0,156527;0,021476;0,120429;0,194295;0,128074;0,020041;0,095852;0,161812;0,023442;0,004277;0,016054;0,030769
113;0,192854;0,022470;0,158313;0,238274;0,191784;0,012073;0,170880;0,211200;0,325081;0,021014;0,287320;0,360451;5,067110;0,024343;5,033386;5,120105;6499,373465;54,383770;6419,172039;6613,007428;14370925250,458462;688217838,865094;13083676606,303518;15379623478,914240;0,002584;0,000592;0,001676;0,003801;0,248841;0,003958;0,240144;0,250000;3,909825;0,544961;3,153941;5,108957;0,077098;0,007837;0,063645;0,090392;0,247984;0,014012;0,221008;0,269415;0,819693;0,035209;0,757025;0,870536;0,157151;0,021427;0,121771;0,195696;0,128649;0,020069;0,096541;0,161812;0,023737;0,004321;0,016054;0,031417
114;0,193018;0,022533;0,158344;0,238427;0,192150;0,012072;0,171200;0,211910;0,325514;0,020995;0,288333;0,361300;5,069498;0,024617;5,035498;5,123031;6497,498156;54,406882;6417,192366;6610,563260;14499052412,109148;709902026,902563;13173020991,504831;15538640531,654220;0,002551;0,000575;0,001740;0,003689;0,248836;0,003980;0,240216;0,250000;3,973860;0,561728;3,195578;5,210617;0,077509;0,007818;0,063853;0,090687;0,248005;0,014031;0,221008;0,269517;0,819802;0,035231;0,757711;0,870536;0,157814;0,021303;0,122778;0,196032;0,129211;0,020123;0,097060;0,162978;0,024085;0,004293;0,016722;0,031459
115;0,193181;0,022585;0,158370;0,238545;0,192516;0,012055;0,172000;0,212620;0,325909;0,020982;0,288695;0,361672;5,071806;0,024889;5,037424;5,126049;6495,665424;54,394353;6415,382718;6608,191390;14625201964,451794;732171135,948318;13259437843,960447;15695476402,745870;0,002548;0,000550;0,001714;0,003591;0,248833;0,003998;0,240258;0,250000;4,039013;0,578919;3,237767;5,314317;0,077881;0,007786;0,064062;0,090928;0,248028;0,014051;0,221008;0,269822;0,819895;0,035253;0,757711;0,870879;0,158389;0,021284;0,123449;0,196705;0,129806;0,020025;0,098150;0,164185;0,024333;0,004309;0,016745;0,032732
116;0,193339;0,022642;0,158432;0,238652;0,192865;0,012049;0,172440;0,212980;0,326307;0,021001;0,289130;0,362078;5,074091;0,025113;5,039431;5,128852;6493,880574;54,360022;6413,450405;6605,756933;14749347158,297548;755047638,559642;13342753513,121109;15851297461,056728;0,002513;0,000570;0,001656;0,003613;0,248832;0,004014;0,240312;0,250000;4,105301;0,596560;3,280553;5,420117;0,078264;0,007803;0,064480;0,091501;0,248043;0,014060;0,221008;0,270025;0,819976;0,035242;0,758053;0,870879;0,159037;0,021314;0,124455;0,198053;0,130328;0,020051;0,098189;0,164185;0,024601;0,004285;0,018048;0,032732
117;0,193496;0,022701;0,158439;0,238791;0,193204;0,012062;0,172860;0,213300;0,326694;0,021012;0,289434;0,362723;5,076335;0,025350;5,041740;5,131630;6492,143511;54,325710;6411,738094;6603,394714;14871438433,461027;778540761,265363;13422875027,276155;16005877708,988008;0,002499;0,000546;0,001605;0,003571;0,248832;0,004024;0,240376;0,250000;4,172748;0,614666;3,323871;5,528120;0,078636;0,007794;0,064683;0,091908;0,248059;0,014068;0,221030;0,270127;0,820064;0,035230;0,758053;0,871123;0,159662;0,021345;0,124455;0,198053;0,130800;0,020068;0,098592;0,164990;0,024909;0,004305;0,018048;0,032820
118;0,193641;0,022749;0,158526;0,238992;0,193540;0,012062;0,173100;0,213750;0,327114;0,020964;0,289999;0,362926;5,078561;0,025622;5,043311;5,134099;6490,449134;54,281933;6409,806879;6601,080884;14991443251,910007;802668037,799900;13499861407,046589;16159178490,134634;0,002478;0,000572;0,001533;0,003548;0,248834;0,004025;0,240425;0,250000;4,241361;0,633231;3,367838;5,638434;0,079044;0,007740;0,065299;0,092316;0,248071;0,014070;0,221030;0,270229;0,820128;0,035203;0,758053;0,871123;0,160322;0,021262;0,125461;0,198724;0,131425;0,020003;0,099678;0,165392;0,025157;0,004353;0,018048;0,033490
119;0,193776;0,022797;0,158609;0,239294;0,193901;0,012016;0,173700;0,214040;0,327507;0,020993;0,290260;0,363535;5,080738;0,025834;5,045236;5,136545;6488,770327;54,194050;6408,237758;6599,013426;15109329755,782080;827422083,259718;13573561928,539162;16311182963,774773;0,002472;0,000593;0,001629;0,003502;0,248839;0,004019;0,240524;0,250000;4,311160;0,652276;3,412406;5,751202;0,079425;0,007766;0,065604;0,093071;0,248082;0,014070;0,221053;0,270257;0,820183;0,035176;0,758053;0,871123;0,160912;0,021336;0,125797;0,199060;0,131974;0,020066;0,099719;0,165795;0,025520;0,004382;0,018048;0,034091
120;0,193897;0,022842;0,158704;0,239526;0,194244;0,012036;0,174060;0,214390;0,327932;0,020951;0,290767;0,364181;5,082895;0,026096;5,046876;5,139412;6487,118870;54,122176;6406,395949;6597,136666;15225061089,662329;852840517,561592;13643980249,044880;16461949938,113700;0,002468;0,000572;0,001683;0,003523;0,248845;0,004010;0,240608;0,250000;4,382157;0,671808;3,457600;5,866258;0,079838;0,007734;0,065807;0,093172;0,248094;0,014070;0,221075;0,270284;0,820276;0,035115;0,758053;0,871123;0,161529;0,021297;0,126132;0,199396;0,132555;0,020037;0,100242;0,166464;0,025889;0,004404;0,018692;0,034091
